<?xml version="1.0" encoding="UTF-8"?>
<project-private xmlns="http://www.netbeans.org/ns/project-private/1">
    <editor-bookmarks xmlns="http://www.netbeans.org/ns/editor-bookmarks/2" lastBookmarkId="0"/>
    <open-files xmlns="http://www.netbeans.org/ns/projectui-open-files/2">
        <group>
            <file>file:/media/shibo/Shibo/sTudY/Netbeans/testProblem/src/java/com/entity/getSession.java</file>
            <file>file:/media/shibo/Shibo/sTudY/Netbeans/testProblem/src/java/com/control/PersonControl.java</file>
            <file>file:/media/shibo/Shibo/sTudY/Netbeans/testProblem/web/profile.xhtml</file>
        </group>
    </open-files>
</project-private>
